chrom,pos,ref,alt,gene,clnsig,disease,label,wt_seq,mut_seq
chr18,4940626,T,A,MLH1,Pathogenic,Lynch Syndrome,2,CGGGCCCGAATGCGTCTATCAGATGCTTTCCGTGAACGTTGTAGGATGACCTCCGAATCTTCCGATAAGAAAATATAGACGCCCTTTCTAGGTGGGACGCC,CGGGCCCGAATGCGTCTATCAGATGCTTTCCGTGAACGTTGTAGGCGMLH2MSH6GATCTTCCGATAAGAAAATATAGACGCCCTTTCTAGGTGGGACGCC
chr3,71586545,A,T,ACTB,Benign,Benign/Normal,0,CCCGGCTTCGTTATGCGCCGATCCATACCGCAGGCAGACACTTATCGGTAAACCTGACCCTTTCTCTCCGGATTTTCCCGCTTGGCTATGTGCGGCAACTA,CCCGGCTTCGTTATGCGCCGATCCATACCGCAGGCAGACACTTATCGGTATACCTGACCCTTTCTCTCCGGATTTTCCCGCTTGGCTATGTGCGGCAACTA
chr9,56077723,A,T,CFTR,Pathogenic,Cystic Fibrosis,1,CTCCCTACTTGTTCACTACTTAGCCTTAACGACACTATCCACCCCCGGGAACCGTACCTCAGATAACCGATCCCAACTGTTTTGGGTCCCGATAAATGCTA,CTCCCTACTTGTTCACTACTTAGCCTTAACGACACTATCCACCCCATGCFTRAAAACCTCAGATAACCGATCCCAACTGTTTTGGGTCCCGATAAATGCTA
chr14,54154573,C,T,CFTR,Pathogenic,Cystic Fibrosis,1,CTGTCGAACGTTCCGCGTAGTTAAGCTGCAGACCCTCGGAGTGTACCCTCTTATAATCGGGTTATTCTAGGAGACGATCAGGGTGTAGATGATGTCGGAGC,CTGTCGAACGTTCCGCGTAGTTAAGCTGCAGACCCTCGGAGTGTAATGCFTRAAAATCGGGTTATTCTAGGAGACGATCAGGGTGTAGATGATGTCGGAGC
chr5,39715036,A,T,CFTR,Pathogenic,Cystic Fibrosis,1,GCAATGGTTCAACGTCATTCACCGATTGTGTACGAGCACCTAGTGCGAAAGCCTCGAAAGTCAGAATAGCATACAGTCAGTCGTGAACTGTCGCCCTAACT,GCAATGGTTCAACGTCATTCACCGATTGTGTACGAGCACCTAGTGATGCFTRAAAGAAAGTCAGAATAGCATACAGTCAGTCGTGAACTGTCGCCCTAACT
chr3,29535873,G,C,CFTR,Pathogenic,Cystic Fibrosis,1,CGTCACAATTTAACACATGATTACAGTCTTAATAGTAGACTCGCTTCGCTTGCCCCTAACGCTTCTCGCCTTGTCTGGACGCTGCCTTCAAGACGTCGGGC,CGTCACAATTTAACACATGATTACAGTCTTAATAGTAGACTCGCTATGCFTRAAACTAACGCTTCTCGCCTTGTCTGGACGCTGCCTTCAAGACGTCGGGC
chr6,30975602,C,T,BRCA1,Pathogenic,BRCA1/2 Mutation,3,GCGGCGGTGAACTCATTTCGCGGAACAGTGTCCATCGACGTTAATCTGTGGCTCCTTCCTTTTTAATGGGGACGCATCACGGTCAGTTATCAGGTGCATAA,GCGGCGGTGAACTCATTTCGCGGAACAGTGTCCATCGACGTTAATTBRCA1BRCA2TCCTTTTTAATGGGGACGCATCACGGTCAGTTATCAGGTGCATAA
chr14,12270032,T,C,CFTR,Pathogenic,Cystic Fibrosis,1,TTAGTATGCGACTCTAACAAAGCTGTGGAGCTGGCGAAATAATTTTACTGTAGGTACGGTATATGAGGAAACGTAAATATACGCACTGAGTGGTGGACAAA,TTAGTATGCGACTCTAACAAAGCTGTGGAGCTGGCGAAATAATTTATGCFTRAAAACGGTATATGAGGAAACGTAAATATACGCACTGAGTGGTGGACAAA
chr13,60701417,G,C,BRCA1,Pathogenic,BRCA1/2 Mutation,3,CGTGTGCGGTGCCTATTCGTACTATTCTACTAATAAAAGGTCCTCCCGACACAGACCGCGGGGGGTGGTGGAGCGTCAGGCCCCCCTACATGAGGATTCTC,CGTGTGCGGTGCCTATTCGTACTATTCTACTAATAAAAGGTCCTCTBRCA1BRCA2CGCGGGGGGTGGTGGAGCGTCAGGCCCCCCTACATGAGGATTCTC
chr5,90155066,C,A,CFTR,Pathogenic,Cystic Fibrosis,1,TTGTTACAGACGATTCTGTCATATCTGTGTACTGTTAGTGTACACCCGCAGTTGCGATGTGCAAACCAAACCTGCCATAGCATCCCTTAATTACACTAAAT,TTGTTACAGACGATTCTGTCATATCTGTGTACTGTTAGTGTACACATGCFTRAAAGATGTGCAAACCAAACCTGCCATAGCATCCCTTAATTACACTAAAT
